Month,Grams of Sugar
1,29.77528
2,30.46187
3,30.445
4,28.62036
5,28.88955
6,30.48789
7,28.19925
8,28.98372
9,29.3771
10,28.60045
